First name Last name Email

James D. Farley, Jr
Noel Kelley nkelley@ford.com


Mike Walker
Tyler Ploeg tyler@grotnes.com

Ryan Clark
Saikat B. Saha saikat@theclarkagency-us.com

Dan Carr
Brian Hill bhill@etikc.com


Mario Avansino
Brian Haver bhaver@topworldwide.com


Sam Lopez sam@myumap.com

Alfred Botchway
Greg Bricker greg@attentivescience.com


Daniel Bouie
Mahmoud (Moody) Saleh mahmoud@gmventures.com

Danielle Gee Gutierrez 
Moiz Asghar moiz@123michholding.com

Johnny Cummings
Filiberto "Fil" Velasquez filiberto.velasquez@asapexpressinc.com

James Farley
Shriram Siravara shriram.siravara@fordpro.com

Sherry Scapperotti
Karen Scott karen.scott@plusme.com


Dev Shah
Sutton Rokowski srokowski@angleadvisors.com


Mario Azar
John Liu liuj@bv.com


Jennifer Osborne
Marc Angers marc@faxonengineering.com

Sam Huszczo
Aaron Popyk aaron@sghwm.com

CATHERINE STEMPIEN
Eric Boswell, LEP eric.boswell@avangrid.com

 Eric Green
Veronica George veronica.george@readysignal.com


Alexey Gubarev 
Jack Zohoury jack@alexai.com

Helen King
John Dudzik Jr. john.dudzik@ghk.com

Ion Hatzithomas
Heather Wasikowski heather@mapcop.com

James Farley
Shaelynn Waite, AE swaite@ford.com

Catherine Engelbert
Taylor Geaglone tgeaglone@wnba.com

Won Ghee Yang 
Austin Paul austin.paul@mobistc-na.com


First name Last name Email

Marshall Doney
Andrew Beck abeck@aaa.com


Bud Nichols
Brittany Marinelli brittany.marinelli@enumeramolecular.com


Vedran Tadic
Brittany Boyer brittany@lubecon.com

Mackenzie Stratton
Mackenzie Stratton mackenzie@thebrokerageree.com


Glenn Goad
Daryl Treger treged@earthlink.net dtreger@ford.com

Kyle Peacy
Julia Backus julia@dlmconversion.com

Michael Calabro
Barbara Douglas Dubois, M.A., M.A.L.S. barbara@coldwellbankercalabro.com


Mary Barra
Thikra Abdaal thikra.abdaal@gm.com

Wendy Schiller
Angela Hayes angela@wamresults.com

Dr. Aziza Askari
Stacy Pacheco Pokorra  stacy@comfortdentalspa.com


Kristina Wirth
Alyssa Dorchak alyssadorchak@rocketcommunityfund.org

 Michael Grande
Lilian Morales lmorales@vancord.com

Wade Vugteveen
Denny Bouma denny@dehamerlandscaping.com


Justin Hoppas
Trevor Cumpston trevor.cumpston@kochagenergy.com

Nick Jeffery
Brandy Colvin, PMHNP, FNP brandy@frontier.care


Dattatri Salagame
Vignesh G Rajaram vigneshg@bosch.us


Peter Arn
Nicole Hook nicole.hook@romtech.com


William Woodbury
Kylie Flynn kflynn@auto-owners.com


Corey Clyburn
Dikesha Patel dikesha.patel@gtnr.it

Robert Kramer
Christine Paul christine@emergient.com


John Hart 
Jacob Lane jacob.lane@pmcf.com

Jeffrey Brown
Michael Young michael.young@allylending.com


First name Last name Email


Shadi Mere
Xiaoyu Sun xiaoyu@bedestrian.com

Todd Maines
Keenan Vinnedge kvinnedge@tackelectronics.com


William Smith
Amy Suchy-Messer asuchy-messer@choicetel.com

Brian Helgeson 
Andrew Felix andrew@buildblacklabel.com

Mark Sullivan
Hannah Sabourin hannah.sabourin@tifluidsystems.com

Philip Meeks
Jamie Vega, PMP, MBA jamie.vega@spectrum.com


James Farley
Marla Fons mfons@ford.com

Jeff Liggett
Eva Peterson eva@spectrumbenefitsllc.com

jason luo
Steve Brooks steve@safetysystems.net


Charles Rayfield
Megan Sundquist megan.sundquist@millerknoll.com

Michael Dietz
Jackson Jerge jackson@dietzsports.com

Erik Pande Horn
Brianna Hidalgo brianna@pyoor.co


David Slater
Ranjita Samantray Das, PMI-PBA, ITIL, SAFe 5 Agilist samantrayr@dteenergy.com

James Farley
Bernie Velasquez bvelasquez@ford.com

Ron Draper
Dalton Carley d.carley@textronaviation.com


Aubrey Noll aubrey@kcdios.com

Gregory Williams
Christopher Saxe Jr. csaxe@acrisure.com


Dattatri Salagame
Brian Pancotto brianpancotto@bosch.us


Christopher Daly
Jack Gray jgray@ebmusa.com

Mark Finlay
Lisa Barton lbarton@markfinlay.com

Sajid Modan
Laben Fisher, GSP laben@catalyst-safety.com

Jamee Horton
Madeline B. madeline@kansasics.com


First name Last name Email


Gregory Mason
Jonathan Yakimow jonathan@usdi.com


Marquise Burns marquise@michgianchronicle.com

 Abe Yeddis
John Maxwell Leonard john@sportsmancaps.com


Gary Pattison gary@blumfieldtechnologies.com

Shannon Lauren
Entrice Mitchell Jr entrice@poshbrokeragefirm.com

Jerry Norcia
Paul Dodd doddp@dteenergy.com

Ted Cannis
Lu Bai, MBA, Ph.D. lu.bai@fordpro.com

George L. Rodriguez
Kristen Hogan kristen@intelisearch-inc.com

Sara Armbruster
Katya Karrip katya.karrip@steelcase.com

James Farley
Vivek Choudhary vchoudhary@ford.com


Santos Alfaro santos@inzernettechnologies.com

Ted Cannis
Srinivas Peddagolla inivas.peddagolla@fordpro.com


William Blair
Kevin Le k.le@textronaviation.com


Loretta Campbell
Karl Durry karl@peopledriven.com

Venar Ayar
Allan Shamoon ashamoon@ayarlaw.com


Jose Garrigo
Cherylyn Tunnicliffe cherylyn@sesame.solar


First name Last name Email

Sara Armbruster
Michael Manga, CPA michael.manga@steelcase.com

Chris Grabmiller 
Leana Durbin leana.durbin@staffbrightpro.com

James D. Farley, Jr
Mark Festa mfesta@ford.com

 Carlos Tavares
Jamil Ali jamil.ali@stellantis.com

Ray Scott
Swaraj Lavande slavande@lear.com


Chelsea LaPrairie chelsea@visionbyvisbeen.com


David Slater
Payal S. sp@dteenergy.com


Raoul Popescu
Michael McKeon michael.mckeon@prattwhitney.com

Jack Yeung 
Melissa Mercaldo melissa@reliantpharmacyllc.com

Mike Stenberg
Scott Hazelton shazelton@hyaliteeng.com

James D. Farley, Jr
Samantha Schuchard sschuchard@ford.com

Won Ghee Yang
Haig Palanjian haig.palanjian@mobistc-na.com

Won Ghee Yang 
Rupal Choudhary rupal.choudhary@mobistc-na.com


Raoul Popescu
Nate Maker MBA, PMP, USMC (Ret) nate.maker@prattwhitney.com


Marcel Maldonado marcel@advisorstech.com

Shawn Geller
Christen Jones christen@quikly.com


David Slater
Demetrius Glass glassd@dteenergy.com

Eric westendorf
Geetika Rao, MPH geetika@umsocialventure.com

Ryan Waidmann
Joshua Brown jbrown@rockcitydet.com

Rob Brinkerhoff
Julian Moreno julian@guidetech.engineering

Steve Tjepkes
Stephanie S. stephanie@atlanticwa.com

Gregory William
Julie Ledger jledger@acrisure.com

Tim Schuler
Jeff Piontkowski jeff@detroitediblecompany.com

James D. Farley, Jr
Alex (DongHyun) Lee alee@ford.com

Ron Draper
Jody Miller j.miller@textronaviation.com

Jake Bolyard
Lindsey Griner lindsey@bolyardlumber.com








First name Last name Email

David Slater
Katie Susko suskok@dteenergy.com

James D. Farley, Jr
Vijay Anand Ramesh vramesh@ford.com


Ray Scott
Dhaval Gandhi, CFE, CPA dgandhi@lear.com


Brad Razook
Chitra Kumar Sai Chenuri Venkata chitra.chenuri@kochind.com


Curtis Howse
Lauren Ozimek lauren.ozimek@synchrony.com


Jennifer Browning jennifer@premierwichita.com


Joe Hemmelgarn
Emily Raunig emily@tlcmarketingconsultants.com


Destiny Fernandez destiny.fernandez@gm.com


Mary Barra
Danielle L. Stewart, MA.Ed mad@dteenergy.com


Corey Clyburn
Robert Halbert robert.halbert@gtnr.it


Paul Lindblad
Joe Snyr joe.snyr@wacker.com


Monique Bell
Kristofer Appel kristofer.appel@spectrum.com

Dr. Brad Vince
Jon Larson jon@drvince.com

James D. Farley, Jr.
Namitha Sreenatha neenatha@ford.com

Richard DeVos
Chinna oruganti chinna.oruganti@alticor.com

Dr. Ramesh M. Wadhwani
Ty Copeland ty@sai-sys.com

Dr. Michael Stokes
Jessica Gaffney jessica@stokescounseling.com



Bud Nichols
Laura Pisani laura.pisani@enumeramolecular.com

Brandon Barry 
Khalid Albasheer khalid@blockharbor.io

Gregory Williams
Jennifer Enu jenu@acrisure.com


Christian Robertson
Jenna D. jenna.d@prattwhitney.com


Sandy Brammell
Bob Nason bob@abletool.net


Stephen Wierenga
Scott Tompsett scott@perceptioneng.com

Marshall Doney
Mahmoud Hijazi mhijazi@aaa.com


First name Last name Email

James Farley
Shane Skop sskop@ford.com


Sarah Schiltz
Makenzie Keel makenzie@kompasskapital.com


Michelle Sharkey michelle@concreteplacementllc.com

Mary Barra
Vishal Solanki vishal.solanki@gm.com

Jason Guyot
Kyle Calash kcalash@foxwoods.com


Steven Scott
Matt Demitz matt@maxmedals.com

Gregory Williams
Melanie VanDenHout mvandenhout@acrisure.com

Trent McNatt
Mark Ghannam mark.ghannam@pmcf.com


Venkat Manthena
Konarki Tomar konarki@tekpyramids.com


Bob Boster
Gregory Kolevski gkolevski@lear.com

James Farley
Jacob McDowell jmcdowell@ford.com

Mark McKee
Joseph McCubbin jmccubbin@monarchsbaseball.com

Corey Clyburn
Lyndsey Krispin lyndsey.krispin@gtnr.it

Alessandro DiNello
Ryan Brown ryan.brown@flagstar.com

Mary Barra
John Robert (Robbie) Lee V john.lee@gm.com

Ali Huntoon 
Emerson Lynch emerson@alliedhrs.com

James Farley
John Mayernik jmayernik@ford.com

William Kaye
Daniel Benedict daniel@h3dgamma.com

Monique Bell
Kadir Şahin kadir.sahin@spectrum.com


David Slater
Elías Baraque baraquee@dteenergy.com

James Farley
Nicole Cook ncook@ford.com


Matt Ballema
Michael Wilson michael@pioneersearchgroup.com


First name Last name Email

David Slater
Dulcie O'Connell oconnelld@dteenergy.com


Dattatri Salagame
Emily Guelzow, MBA emilyguelzow@bosch.us

Tony Sarsam
Justin Rappaport justin.rappaport@spartannash.com


Tony Sarsam
Zoe Fountoukis Yeates zoe.fountoukis@spartannash.com


Rob Oyler
Brittany Grim brittany.grim@wanrack.com

Sam DiNello
Margaret Butler margaret.butler@futureenergy.com

Rajat Suri 
Amy Burdolski AIS, CISR amy@atpresto.com

Ron Draper
Ly Brode l.brode@textronaviation.com


Ginny Seyferth
Katherine Economou economou@seyferthpr.com

Christian Robertson
Pete Donecker pete.donecker@prattwhitney.com

Michael McGroarty
Luke Farrell lfarrell@rvigroup.com


Debra Martinez debra@whitelawpllc.com


Ramon Laguarta
Benjamin Juhasz benjamin.juhasz@pepsico.com


Camila Noordeloos
Erica Buursma Klenz erica@grandvcp.com

Tony Sarsam
Scott Kloss scott.kloss@spartannash.com

James Farley
Yvonne Lawson ylawson@ford.com

Ron Draper
Jacob Schmitz j.schmitz@textronaviation.com


Pedro Blázquez
Robert Whelan, MBA robert.whelan@avangrid.com


Travis Self
Evan Havran evan@capstonebuildingsupply.com

Craig Huber
Michael Huber michael@huberresearch.com

Sara Armbruster
Connor Williams connor.williams@steelcase.com


First name Last name Email


Adrienn F. Clark af@slwlc.com


Dattatri Salagame
sanjay karlapatti sanjaykarlapatti@bosch.us

Tony Sarsam
Medina Vila medina.vila@spartannash.com

Carlos Tavares
Zachary Burns zachary.burns@stellantis.com


Lynn Hebert
Paul Morrison paul@arterraluxe.com


Jamie Mehrtens
Sonia Town sonia@firesidefinancialpartners.com

Frank Ciambriello
Patty Schmidt patty@afcmortgagegroup.net

Mary Barra
Christopher Williams christopher.williams@gm.com

Dave Mathieu
Lucian Guadagnoli lucian@ideaz.tech


Scott Speagle scott.speagle@spectrummanagementsolutions.com


David Ballantine
Justin Rosenbluth j.rosenbluth@espncareers.com


Eli Shapira
Abby Wilms abby@engenio.us


Dattatri Salagame
Sepehr Salari, PhD sepehrsalari@bosch.us


Kevin Feuerborn, EIT kevin.feuerborn@hendersonbuilding.com


Travis Hicks
Karisa Schremmer karisa@tricentury.com


Nich Pertuit
Alyssa Pack alyssa.pack@healthyiswellness.com

Mark Johnson
Kourtney Williams kwilliams@michiganlabs.com


Sura Shlebah sura@sscounselingconsultingservices.com

Michael Stevenson
Vanessa Skelton vanessa@bannackgroup.com


Chris Villavarayan
Delia Marogy delia.marogy@meritor.com


Rob Black
Upendra Kumar upendra@samex.io


Don Munro
Kayla C. kayla@mvbimpro.com


James Gorman
Jasmina Music jasmina.music@morganstanley.com


Matt McCallum
Chris Koger chris@greatamericanmediaservices.com


David Slater
Mohammed Alkhalidi alkhalidim@dteenergy.com

Julie Jason
Spencer Alexopoulos spencer@jacksongrant.us

Ray Scott
Jacob Gapske jgapske@lear.com

Nick Skislak
Shane McAtamney shane@ssdm.co


First name Last name Email


Pedro Blázquez
Alex Soter alex.soter@avangrid.com

Thomas Williams
Joshua Brezden joshua.brezden@parker.com

Frank Ciambriello
Mary Harding mary@afcmortgagegroup.net

Jim Alonso
Brandon Franz brandon@solomoncommunitysolar.com

Ray Scott
Dave Stando dstando@lear.com

Peter Vermes.
Susan Koetters susan@usyouthfutsal.com

Marion Harris 
Seth Jones seth@fordcredit.com

Jill Biesma
Jeffrey O'Brien jobrien@eaei.com


Michael Nawrocki
Brian Cornyn brian@elementarylending.com

Christian Robertson
Sean Lawless sean.lawless@prattwhitney.com


Ed Howe
Eric Schonenberg e.schonenberg@enfieldtech.com

Jonathan Pare
Ersi Qyra ersi@nationalmortgagehomeloans.com

Mike Klepfer
Leo Zamojcin leo@bloomscape.com

Perry C. Johnson 
Eddie Amoles-Martinez eddie@perryjohnsonmortgage.com


Corey Clyburn
Sarah Hendrickson sarah.hendrickson@gtnr.it


Bob Boster
Bryon Kindernay bkindernay@lear.com

Jon Bostock
Nate Krause nkrause@gridironcapital.com

James Farley
Shannon Merrell smerrell@ford.com

James Farley
Roua Kabalan rkabalan@ford.com